001ec344	130	cellcore.dll#130
001ec000	286	FindWindowW
001ec004	2046	__dtoi
001ec008	1046	memmove
001ec00c	1456	??_U@YAPAXI@Z
001ec010	19	SystemTimeToFileTime
001ec014	1018	free
001ec018	1041	malloc
001ec01c	1457	??_V@YAXPAX@Z
001ec020	1053	rand
001ec024	1132	_vsnwprintf
001ec028	1092	_purecall
001ec02c	1094	??3@YAXPAX@Z
001ec030	23	GetLocalTime
001ec034	1095	??2@YAPAXI@Z
001ec038	88	GlobalMemoryStatus
001ec03c	529	FreeLibrary
001ec040	858	MessageBoxW
001ec044	494	EventModify
001ec048	463	RegQueryValueExW
001ec04c	528	LoadLibraryW
001ec050	496	Sleep
001ec054	701	GetForegroundWindow
001ec058	495	CreateEventW
001ec05c	461	RegOpenKeyExW
001ec060	530	GetProcAddressW
001ec064	553	CloseHandle
001ec068	455	RegCloseKey
001ec06c	464	RegSetValueExW
001ec070	59	wcschr
001ec074	167	FindFirstFileW
001ec078	73	wcsstr
001ec07c	180	FindClose
001ec080	72	wcsspn
001ec084	181	FindNextFileW
001ec088	535	GetTickCount
001ec08c	20	FileTimeToSystemTime
001ec090	516	GetLastError
001ec094	541	OutputDebugStringW
001ec098	549	MapViewOfFile
001ec09c	550	UnmapViewOfFile
001ec0a0	1167	CreateFileForMappingW
001ec0a4	548	CreateFileMappingW
001ec0a8	197	WideCharToMultiByte
001ec0ac	69	wcsrchr
001ec0b0	1083	wcstoul
001ec0b4	1358	GetSystemPowerStatusEx2
001ec0b8	196	MultiByteToWideChar
001ec0bc	480	ShellExecuteEx
001ec0c0	1064	strchr
001ec0c4	1404	strtol
001ec0c8	1113	fopen
001ec0cc	1115	fprintf
001ec0d0	1147	_vsnprintf
001ec0d4	62	wcscspn
001ec0d8	1405	strtoul
001ec0dc	1118	fclose
001ec0e0	859	DispatchMessageW
001ec0e4	885	GetSystemMetrics
001ec0e8	266	ShowWindow
001ec0ec	864	PeekMessageW
001ec0f0	385	waveOutPrepareHeader
001ec0f4	399	waveOutOpen
001ec0f8	290	PostThreadMessageW
001ec0fc	497	WaitForSingleObject
001ec100	386	waveOutUnprepareHeader
001ec104	2	InitializeCriticalSection
001ec108	5	LeaveCriticalSection
001ec10c	4	EnterCriticalSection
001ec110	390	waveOutReset
001ec114	387	waveOutWrite
001ec118	861	GetMessageW
001ec11c	384	waveOutClose
001ec120	500	ResumeThread
001ec124	492	CreateThread
001ec128	263	ReleaseDC
001ec12c	262	GetDC
001ec130	912	DeleteObject
001ec134	1146	vsprintf
001ec138	910	CreateCompatibleDC
001ec13c	1611	ChangeDisplaySettingsEx
001ec140	921	SelectObject
001ec144	90	CreateDIBSection
001ec148	911	DeleteDC
001ec14c	1182	ExtEscape
001ec150	903	BitBlt
001ec154	172	GetFileSize
001ec158	173	SetFilePointer
001ec15c	160	CreateDirectoryW
001ec160	171	WriteFile
001ec164	166	GetFileAttributesW
001ec168	170	ReadFile
001ec16c	537	GetModuleFileNameW
001ec170	168	CreateFileW
001ec174	175	FlushFileBuffers
001ec178	163	MoveFileW
001ec17c	165	DeleteFileW
001ec180	931	CreateSolidBrush
001ec184	264	DefWindowProcW
001ec188	95	RegisterClassW
001ec18c	709	ReleaseCapture
001ec190	246	CreateWindowExW
001ec194	258	SetWindowLongW
001ec198	259	GetWindowLongW
001ec19c	260	BeginPaint
001ec1a0	2012	__utod
001ec1a4	683	LoadCursorW
001ec1a8	702	SetForegroundWindow
001ec1ac	708	SetCapture
001ec1b0	866	PostQuitMessage
001ec1b4	265	DestroyWindow
001ec1b8	261	EndPaint
001ec1bc	525	VirtualFree
001ec1c0	524	VirtualAlloc
001ec1c4	1102	printf
001ec1c8	230	_wcsicmp
001ec1cc	89	SystemParametersInfoW
001ec1d0	200	GetLocaleInfoW
001ec1d4	717	GetVersionExW
001ec1d8	232	_wcsupr
001ec1dc	542	GetSystemInfo
001ec1e0	1100	_getstdfilex
001ec1e4	1556	?terminate@std@@YAXXZ
001ec1e8	87	__C_specific_handler
001ec1ec	1065	strcmp
001ec1f0	1066	strcpy
001ec1f4	1068	strlen
001ec1f8	2053	__addd
001ec1fc	2027	__muld
001ec200	2033	__itod
001ec204	2048	__divd
001ec208	2016	__subd
001ec20c	2047	__divs
001ec210	2038	__ges
001ec214	2044	__dtos
001ec218	1004	cos
001ec21c	1058	sin
001ec220	2015	__subs
001ec224	2052	__utos
001ec228	2000	__rt_sdiv64by64
001ec22c	2020	__stoi
001ec230	2051	__adds
001ec234	2026	__muls
001ec238	2043	__dtou
001ec23c	1060	sqrt
001ec240	2021	__stod
001ec244	2032	__itos
001ec248	2028	__lts
001ec24c	2036	__gts
001ec250	34	LocalReAlloc
001ec254	33	LocalAlloc
001ec258	35	LocalSize
001ec25c	1645	_XcptFilter
001ec260	36	LocalFree
001ec264	1044	memcpy
001ec268	994	atol
001ec26c	1072	strstr
001ec270	1410	_stricmp
001ec274	1551	__CxxThrowException
001ec278	1043	memcmp
001ec27c	31	memchr
001ec280	1047	memset
001ec284	2008	__rt_udiv
001ec288	993	atoi
001ec28c	1121	fwrite
001ec290	1411	_strnicmp
001ec294	719	sprintf
001ec298	2002	__rt_udiv64by64
001ec29c	2003	__rt_urem64by64
001ec2a0	1417	_isctype
001ec2a4	2005	__rt_sdiv
001ec2a8	25	GetSystemTime
001ec2ac	555	CreateMutexW
001ec2b0	556	ReleaseMutex
001ec2b4	1120	fread
001ec2b8	27	GetTimeZoneInformation
001ec2bc	29	GetCurrentFT
001ec2c0	1443	CeGetRandomSeed
001ec2c4	544	TerminateProcess
001ec2c8	1474	ThreadExceptionExit
001ec2cc	557	KernelIoControl
001ec2d0	606	GetOwnerProcess
001ec2d4	543	RaiseException
001ec2d8	520	TlsCall
001ec2dc	16	TlsSetValue
001ec2e0	15	TlsGetValue
001ec2e4	1492	InterlockedCompareExchange
001ec2ec	0	htons
001ec2f0	0	select
001ec2f4	0	__WSAFDIsSet
001ec2f8	0	gethostbyaddr
001ec2fc	0	gethostbyname
001ec300	0	gethostname
001ec304	0	WSACleanup
001ec308	0	WSAStartup
001ec30c	0	getsockname
001ec310	0	ntohs
001ec314	0	getsockopt
001ec318	0	ioctlsocket
001ec31c	0	socket
001ec320	0	setsockopt
001ec324	0	shutdown
001ec328	0	send
001ec32c	0	recv
001ec330	0	closesocket
001ec334	0	bind
001ec338	0	connect
001ec33c	0	WSAGetLastError
