ph.img	2238228
Data/dumpset.dat	131072
Data/fonts.dat	12084
Data/game.gfx	6285642
Data/game.pix	359959
Data/game.sfx	1003582
Data/objects.dat	15399
Maps/Adventures_Of_Henry_Woods_EN_RU_GE_SK_CZ_FR_PL_IT.phm	116131
Maps/Ancient_Lands_EN_RU_GE_SK_CZ_FR_PL_IT.phm	17917
Maps/Arena_EN_RU_SK_CZ_FR_PL_IT.phm	189709
Maps/Armageddons_Blade_EN_RU_GE_SK_CZ_FR_PL_IT.phm	13998
Maps/Around_The_Bay_EN_RU_GE_SK_CZ_FR_PL_IT.phm	6203
Maps/Avalanche_EN_RU_SK_CZ_FR_PL_IT.phm	11466
Maps/Be_Ready_EN_RU_SK_CZ_FR_IT_PL.phm	10289
Maps/Beleriand_EN_RU_SK_CZ_FR_IT_PL.phm	18356
Maps/Big_War2_EN_RU_SK_PL.phm	10476
Maps/Big_War_EN_RU_SK_CZ_FR_IT_PL.phm	4425
Maps/Break_EN_RU_SK_CZ_FR_IT_PL.phm	8978
Maps/Castle_Elghinyrrok_EN_RU_SK_FR_PL.phm	25106
Maps/Castle_Siege_EN_RU_SK_CZ_FR_PL.phm	39171
Maps/Chasing_A_Dream_EN_RU_SK_CZ_FR_PL.phm	8156
Maps/Close_Foes_EN_RU_SK_CZ_FR_PL.phm	8147
Maps/Competition_EN_RU_SK_CZ_FR_PL.phm	4333
Maps/Confrontation_EN_RU_SK_CZ_FR_PL.phm	5862
Maps/Consolidation_EN_RU_GE_SK_CZ_FR_PL.phm	20497
Maps/Counting_Skeletons_EN_RU_SK_FR_PL.phm	12649
Maps/Crossroads_Classic_EN_RU_SK_FR_PL.phm	6297
Maps/Crossroads_EN_RU_GE_SK_CZ_FR_PL.phm	7256
Maps/Death_To_Humans_EN_RU_GE_SK_FR_PL.phm	52571
Maps/Delta_EN_RU_SK_CZ_FR_PL.phm	6825
Maps/Desertstone_EN_RU_SK_FR_PL.phm	86422
Maps/Dirty_War_EN_RU_SK_PL.phm	14174
Maps/Disagreements2_EN_RU_SK_CZ_FR_PL.phm	15063
Maps/Disagreements_Classic_EN_RU_SK_CZ_FR_PL.phm	13474
Maps/Dragon_Pass_EN_RU_SK_IT_PL.phm	20670
Maps/Exile_EN_RU_SK_CZ_FR_PL.phm	64747
Maps/Fall_Of_The_Empire_EN_RU_SK_FR_PL.phm	25299
Maps/Fatal_Ocean_EN_RU_SK_FR_PL.phm	20953
Maps/Fight_For_Crystals_EN_RU_SK_FR_PL.phm	9466
Maps/Fire-eater_EN_RU_SK_CZ_FR_PL.phm	15727
Maps/Four_Leaders_EN_RU_SK_FR_PL.phm	5764
Maps/General_Control_EN_RU_SK.phm	6035
Maps/Get_Him_EN_RU_SK_FR_PL.phm	5008
Maps/Gods_War_EN_RU_SK_CZ_FR_PL.phm	36021
Maps/Gold_Crusade1_Bloody_Sands_EN_RU_SK_CZ_FR_IT_PL.phm	15151
Maps/Gold_Crusade2_Barbarians_Revenge_EN_RU_SK_CZ_FR_IT_PL.phm	41456
Maps/Gold_Crusade3_Gold_Dust_EN_RU_SK_CZ_FR_PL.phm	14382
Maps/Golden_Horde_EN_RU_SK_CZ_FR_PL.phm	34756
Maps/H2O_EN_RU_GE_SK_CZ_FR_PL.phm	5640
Maps/Harlem_War_EN_RU_GE_SK_CZ_FR_PL.phm	12555
Maps/Herion's_Gambit_EN_RU_SK_FR_PL.phm	10661
Maps/Heroes_EN_RU_GE_SK_CZ_FR_PL.phm	30004
Maps/History_Of_Vladimir_EN_RU_SK_FR_PL.phm	29118
Maps/Hostile_Neighbors_EN_RU_GE_SK_CZ_FR_PL.phm	6861
Maps/Ice_Age_EN_RU_GE_SK_CZ_FR_PL.phm	15579
Maps/Invaders_EN_RU_SK_FR_PL.phm	5598
Maps/Island_EN_RU_GE_SK_CZ_FR_PL.phm	51942
Maps/King_Of_The_Hill_EN_RU_GE_SK_CZ_FR_PL.phm	5308
Maps/Knee_Deep_In_The_Dead_EN_RU_SK_FR_PL.phm	7822
Maps/Land_Bridge_EN_RU_GE_SK_CZ_FR_PL.phm	48314
Maps/Littlefort_EN_RU_SK_FR_PL.phm	8984
Maps/Loose_Borders_EN_RU_GE_SK_CZ_FR_PL.phm	17597
Maps/Lost_City_EN_RU_SK_FR_PL.phm	10622
Maps/Magic_Forests_EN_RU_GE_SK_CZ_FR_PL.phm	10226
Maps/Magic_Wand_EN_RU_SK_CZ_FR_PL.phm	35982
Maps/Manifest_Of_Destiny_EN_RU_SK_CZ_FR_PL.phm	6650
Maps/Meteor_EN_RU_SK_CZ_FR_PL.phm	6378
Maps/Middle_Meeting_EN_RU_SK_CZ_FR_PL.phm	54143
Maps/Might_And_Magic_EN_RU_GE_SK_CZ_FR_PL.phm	4678
Maps/Moot_Castle_EN_RU_SK_CZ_FR_PL.phm	5571
Maps/Necromancers_EN_RU_SK_CZ_FR_PL.phm	41117
Maps/Northern_Hiervard_EN_RU_SK_FR_PL.phm	33672
Maps/On_The_Verge_Of_Death_EN_RU.phm	48340
Maps/One_Too_Many_EN_RU_SK_FR_PL.phm	8639
Maps/Path_of_Necromancer_EN_RU_SK_PL.phm	43083
Maps/Pirates_EN_RU_SK_FR_PL.phm	6519
Maps/Plot_Of_Land_EN_RU_SK_FR_PL.phm	4321
Maps/Quest_For_Freedom_EN_RU_SK_PL.phm	22381
Maps/Quest_For_Glory_Classic_EN_RU_SK_CZ_FR_PL.phm	38290
Maps/Quest_For_Glory_Edited_EN_RU_SK_CZ_FR_PL.phm	38074
Maps/Refugees_EN_RU_SK_FR_PL.phm	12398
Maps/Reinforcements_EN_RU_SK_FR_PL.phm	13139
Maps/River_Barrier_EN_RU_SK_FR_PL.phm	51043
Maps/Roundabout_EN_RU_SK_FR_PL.phm	10742
Maps/Sand_Meeting_EN_RU_SK_FR_PL.phm	5284
Maps/Shadow_Of_The_Centuries_EN_RU_SK_FR_PL.phm	24103
Maps/Skirmish_EN_RU_SK_FR_PL.phm	5292
Maps/Small_Blind_Guardian_EN_RU_SK_FR_PL.phm	4843
Maps/Snow_Magicians_EN_RU_SK_FR_PL.phm	3452
Maps/Sources_Of_Power_EN_RU_SK_PL.phm	8817
Maps/Sphere_EN_RU_SK_FR_PL.phm	18140
Maps/Sphere_Of_Negation_EN_RU_SK_FR_PL.phm	3487
Maps/Spiral_Islands_EN_RU_SK_FR_PL.phm	6518
Maps/Superiority_EN_RU_SK_FR_PL.phm	10028
Maps/Survival_EN_RU_SK_FR_PL.phm	11515
Maps/Swampy_EN_RU_SK_CZ_FR_PL.phm	48244
Maps/Teleporters_EN_RU_SK_FR_PL.phm	38658
Maps/Terrible_Rumor_EN_RU_SK_FR_PL.phm	8435
Maps/Territorial_Divide_EN_RU_SK_FR_PL.phm	74578
Maps/The_Cube_I_EN_RU_GE_SK_FR_PL.phm	12778
Maps/The_Divine_Status_EN_RU_SK_FR_PL.phm	84530
Maps/The_Great_Nile_EN_RU_GE_SK_CZ_FR_PL.phm	6305
Maps/The_Holy_Grail_EN_RU_SK_FR_PL.phm	27421
Maps/The_Ice_World_EN_RU_SK_FR_PL.phm	20269
Maps/The_Labyrinth_EN_RU_GE_SK_CZ_FR_PL.phm	16150
Maps/The_Mystic_Valley_EN_RU_SK_CZ_FR_PL.phm	14306
Maps/The_Other_Shore_EN_RU_SK_FR_PL.phm	5710
Maps/The_Pyramid_EN_RU_GE_SK_CZ_FR_PL.phm	127021
Maps/Tournament_EN_RU_SK_FR_PL.phm	15838
Maps/Treasures_Of_Gnomes_EN_RU_SK_FR_PL.phm	8873
Maps/Tutorial_EN_RU_SK_FR_PL.phm	20978
Maps/Two_By_The_River_EN_RU_GE_SK_CZ_FR_PL.phm	6498
Maps/Two_Ways_EN_RU_SK_FR_PL.phm	15436
Maps/Unbalanced_Times_EN_RU.phm	5815
Maps/Underground_EN_RU_SK_CZ_FR.phm	14531
Maps/Valinor_EN_RU_SK_CZ_FR.phm	23655
Maps/War_For_Life_EN_RU_SK_CZ_FR.phm	51561
Maps/Warlords_EN_RU_SK_CZ_FR.phm	35794
Maps/Way_Of_The_Hero_EN_RU_SK_CZ_FR.phm	66657
Maps/Winter_Assault_EN_RU_SK_CZ_FR.phm	10946
Maps/Winter_Wars_EN_RU_SK_CZ_FR.phm	11575
Maps/Wunderwald_EN_RU_SK_CZ_FR.phm	65444
Maps/Yaters_EN_RU_SK_CZ_FR.phm	6037
